,VENDOR_CODE,PRICE,LAST_UPDATE,ACCOUNT,PAGE
0,5055110,,2025-10-22,KITCHEN,1
46,4113056,,2025-10-22,KITCHEN,4
33,0779593,,2025-10-22,KITCHEN,3
34,9591264,,2025-10-22,KITCHEN,3
35,7097100,,2025-10-22,KITCHEN,3
36,6040885,,2025-10-22,KITCHEN,3
37,5017918,,2025-10-22,KITCHEN,3
38,8083164,,2025-10-22,KITCHEN,3
39,3369388,,2025-10-22,KITCHEN,3
40,1901992,,2025-10-22,KITCHEN,3
41,7626013,,2025-10-22,KITCHEN,3
42,7703440,,2025-10-22,KITCHEN,3
43,1899063,,2025-10-22,KITCHEN,3
44,7592348,,2025-10-22,KITCHEN,3
45,5087572,,2025-10-22,KITCHEN,4
47,1993726,,2025-10-22,KITCHEN,4
1,2819098,,2025-10-22,KITCHEN,1
48,8090268,,2025-10-22,KITCHEN,4
49,4685594,,2025-10-22,KITCHEN,4
50,2306781,,2025-10-22,KITCHEN,4
51,1993803,,2025-10-22,KITCHEN,4
52,1763853,,2025-10-22,KITCHEN,4
53,7808545,,2025-10-22,KITCHEN,4
54,1555313,,2025-10-22,KITCHEN,4
55,3976277,,2025-10-22,KITCHEN,4
56,1823465,,2025-10-22,KITCHEN,4
57,4179586,,2025-10-22,KITCHEN,4
58,4897290,,2025-10-22,KITCHEN,4
59,1821537,,2025-10-22,KITCHEN,4
60,5188131,,2025-10-22,KITCHEN,5
32,4204996,,2025-10-22,KITCHEN,3
31,5538590,,2025-10-22,KITCHEN,3
30,4200036,,2025-10-22,KITCHEN,3
29,6080550,,2025-10-22,KITCHEN,3
2,7222414,,2025-10-22,KITCHEN,1
3,3546386,,2025-10-22,KITCHEN,1
4,4828802,,2025-10-22,KITCHEN,1
5,6935464,,2025-10-22,KITCHEN,1
6,5438874,,2025-10-22,KITCHEN,1
7,7100252,,2025-10-22,KITCHEN,1
8,7441314,,2025-10-22,KITCHEN,1
9,7100285,,2025-10-22,KITCHEN,1
10,7940998,,2025-10-22,KITCHEN,1
11,2366607,,2025-10-22,KITCHEN,2
12,5076587,,2025-10-22,KITCHEN,2
13,5076595,,2025-10-22,KITCHEN,2
14,7557301,,2025-10-22,KITCHEN,2
15,7140938,,2025-10-22,KITCHEN,2
16,7201497,,2025-10-22,KITCHEN,2
17,7201482,,2025-10-22,KITCHEN,2
18,1970888,,2025-10-22,KITCHEN,2
19,2614693,,2025-10-22,KITCHEN,2
20,3928991,,2025-10-22,KITCHEN,2
21,7174697,,2025-10-22,KITCHEN,2
22,7267452,,2025-10-22,KITCHEN,2
23,4129340,,2025-10-22,KITCHEN,2
24,7198010,,2025-10-22,KITCHEN,2
25,2000139,,2025-10-22,KITCHEN,2
26,1251461,,2025-10-22,KITCHEN,3
27,2272575,,2025-10-22,KITCHEN,3
28,5495460,,2025-10-22,KITCHEN,3
61,0055507,,2025-10-22,KITCHEN,5
